acname,partyname,partyvotes,boothno,candidatename,yearofpolling,mandal,village,villageAsECList
Pedakurapadu,TDP,353,1,KOMMALAPATI SRIDHAR,2009,BELLAMKONDA,NANDIRAJUPALEM,Bellamkonda Sivaru Nandirajupalem
Pedakurapadu,INC,427,1,Pathan Noorjahan Begum,2009,BELLAMKONDA,NANDIRAJUPALEM,Bellamkonda Sivaru Nandirajupalem
Pedakurapadu,PRP,355,1,Basu Linga Reddy,2009,BELLAMKONDA,NANDIRAJUPALEM,Bellamkonda Sivaru Nandirajupalem
Pedakurapadu,TDP,227,2,KOMMALAPATI SRIDHAR,2009,BELLAMKONDA,NANDIRAJUPALEM,Nandirajupalem H/O. Bellamkonda
Pedakurapadu,INC,242,2,Pathan Noorjahan Begum,2009,BELLAMKONDA,NANDIRAJUPALEM,Nandirajupalem H/O. Bellamkonda
Pedakurapadu,PRP,67,2,Basu Linga Reddy,2009,BELLAMKONDA,NANDIRAJUPALEM,Nandirajupalem H/O. Bellamkonda
Pedakurapadu,TDP,170,3,KOMMALAPATI SRIDHAR,2009,BELLAMKONDA,NAGIREDYPALEM,Bellamkonda Sivaru Nagireddy Palem
Pedakurapadu,INC,249,3,Pathan Noorjahan Begum,2009,BELLAMKONDA,NAGIREDYPALEM,Bellamkonda Sivaru Nagireddy Palem
Pedakurapadu,PRP,90,3,Basu Linga Reddy,2009,BELLAMKONDA,NAGIREDYPALEM,Bellamkonda Sivaru Nagireddy Palem
Pedakurapadu,TDP,248,4,KOMMALAPATI SRIDHAR,2009,BELLAMKONDA,NAGIREDYPALEM,Nagiredypalem
Pedakurapadu,INC,123,4,Pathan Noorjahan Begum,2009,BELLAMKONDA,NAGIREDYPALEM,Nagiredypalem
Pedakurapadu,PRP,37,4,Basu Linga Reddy,2009,BELLAMKONDA,NAGIREDYPALEM,Nagiredypalem
Pedakurapadu,TDP,274,5,KOMMALAPATI SRIDHAR,2009,BELLAMKONDA,BELLAMKONDA,Bellamkonda
Pedakurapadu,INC,105,5,Pathan Noorjahan Begum,2009,BELLAMKONDA,BELLAMKONDA,Bellamkonda
Pedakurapadu,PRP,19,5,Basu Linga Reddy,2009,BELLAMKONDA,BELLAMKONDA,Bellamkonda
Pedakurapadu,TDP,274,6,KOMMALAPATI SRIDHAR,2009,BELLAMKONDA,BELLAMKONDA,Bellamkonda
Pedakurapadu,INC,184,6,Pathan Noorjahan Begum,2009,BELLAMKONDA,BELLAMKONDA,Bellamkonda
Pedakurapadu,PRP,49,6,Basu Linga Reddy,2009,BELLAMKONDA,BELLAMKONDA,Bellamkonda
Pedakurapadu,TDP,303,7,KOMMALAPATI SRIDHAR,2009,BELLAMKONDA,BELLAMKONDA,Bellamkonda
Pedakurapadu,INC,187,7,Pathan Noorjahan Begum,2009,BELLAMKONDA,BELLAMKONDA,Bellamkonda
Pedakurapadu,PRP,46,7,Basu Linga Reddy,2009,BELLAMKONDA,BELLAMKONDA,Bellamkonda
Pedakurapadu,TDP,35,8,KOMMALAPATI SRIDHAR,2009,BELLAMKONDA,GANGIREDDYPALEM,Bellamkonda Sivaru Gangireddy Palem
Pedakurapadu,INC,117,8,Pathan Noorjahan Begum,2009,BELLAMKONDA,GANGIREDDYPALEM,Bellamkonda Sivaru Gangireddy Palem
Pedakurapadu,PRP,488,8,Basu Linga Reddy,2009,BELLAMKONDA,GANGIREDDYPALEM,Bellamkonda Sivaru Gangireddy Palem
Pedakurapadu,TDP,87,9,KOMMALAPATI SRIDHAR,2009,BELLAMKONDA,KOTHAPALEM,Bellamkonda Sivaru Kothapalem
Pedakurapadu,INC,64,9,Pathan Noorjahan Begum,2009,BELLAMKONDA,KOTHAPALEM,Bellamkonda Sivaru Kothapalem
Pedakurapadu,PRP,148,9,Basu Linga Reddy,2009,BELLAMKONDA,KOTHAPALEM,Bellamkonda Sivaru Kothapalem
Pedakurapadu,TDP,379,10,KOMMALAPATI SRIDHAR,2009,BELLAMKONDA,VANNAYAPALEM,Vannayapalem
Pedakurapadu,INC,436,10,Pathan Noorjahan Begum,2009,BELLAMKONDA,VANNAYAPALEM,Vannayapalem
Pedakurapadu,PRP,115,10,Basu Linga Reddy,2009,BELLAMKONDA,VANNAYAPALEM,Vannayapalem
Pedakurapadu,TDP,304,11,KOMMALAPATI SRIDHAR,2009,BELLAMKONDA,MACHAYAPALEM,Machayapalem
Pedakurapadu,INC,152,11,Pathan Noorjahan Begum,2009,BELLAMKONDA,MACHAYAPALEM,Machayapalem
Pedakurapadu,PRP,143,11,Basu Linga Reddy,2009,BELLAMKONDA,MACHAYAPALEM,Machayapalem
Pedakurapadu,TDP,255,12,KOMMALAPATI SRIDHAR,2009,BELLAMKONDA,MACHAYAPALEM,Machayapalem
Pedakurapadu,INC,140,12,Pathan Noorjahan Begum,2009,BELLAMKONDA,MACHAYAPALEM,Machayapalem
Pedakurapadu,PRP,98,12,Basu Linga Reddy,2009,BELLAMKONDA,MACHAYAPALEM,Machayapalem
Pedakurapadu,TDP,481,13,KOMMALAPATI SRIDHAR,2009,BELLAMKONDA,CHANDRAJUPALEM,Chandrajupalem
Pedakurapadu,INC,188,13,Pathan Noorjahan Begum,2009,BELLAMKONDA,CHANDRAJUPALEM,Chandrajupalem
Pedakurapadu,PRP,88,13,Basu Linga Reddy,2009,BELLAMKONDA,CHANDRAJUPALEM,Chandrajupalem
Pedakurapadu,TDP,508,14,KOMMALAPATI SRIDHAR,2009,BELLAMKONDA,CHANDRAJUPALEM,Chandrajupalem
Pedakurapadu,INC,183,14,Pathan Noorjahan Begum,2009,BELLAMKONDA,CHANDRAJUPALEM,Chandrajupalem
Pedakurapadu,PRP,90,14,Basu Linga Reddy,2009,BELLAMKONDA,CHANDRAJUPALEM,Chandrajupalem
Pedakurapadu,TDP,418,15,KOMMALAPATI SRIDHAR,2009,BELLAMKONDA,CHANDRAJUPALEM,Chandrajupalem
Pedakurapadu,INC,180,15,Pathan Noorjahan Begum,2009,BELLAMKONDA,CHANDRAJUPALEM,Chandrajupalem
Pedakurapadu,PRP,102,15,Basu Linga Reddy,2009,BELLAMKONDA,CHANDRAJUPALEM,Chandrajupalem
Pedakurapadu,TDP,571,16,KOMMALAPATI SRIDHAR,2009,BELLAMKONDA,KANDIPADU,Chandrajupalem Sivaru Kandipadu
Pedakurapadu,INC,438,16,Pathan Noorjahan Begum,2009,BELLAMKONDA,KANDIPADU,Chandrajupalem Sivaru Kandipadu
Pedakurapadu,PRP,89,16,Basu Linga Reddy,2009,BELLAMKONDA,KANDIPADU,Chandrajupalem Sivaru Kandipadu
Pedakurapadu,TDP,235,17,KOMMALAPATI SRIDHAR,2009,BELLAMKONDA,PAPAYAPALEM,Papayapalem
Pedakurapadu,INC,310,17,Pathan Noorjahan Begum,2009,BELLAMKONDA,PAPAYAPALEM,Papayapalem
Pedakurapadu,PRP,39,17,Basu Linga Reddy,2009,BELLAMKONDA,PAPAYAPALEM,Papayapalem
Pedakurapadu,TDP,204,18,KOMMALAPATI SRIDHAR,2009,BELLAMKONDA,PAPAYAPALEM,Papayapalem
Pedakurapadu,INC,283,18,Pathan Noorjahan Begum,2009,BELLAMKONDA,PAPAYAPALEM,Papayapalem
Pedakurapadu,PRP,44,18,Basu Linga Reddy,2009,BELLAMKONDA,PAPAYAPALEM,Papayapalem
Pedakurapadu,TDP,199,19,KOMMALAPATI SRIDHAR,2009,BELLAMKONDA,PAPAYAPALEM,Papayapalem
Pedakurapadu,INC,144,19,Pathan Noorjahan Begum,2009,BELLAMKONDA,PAPAYAPALEM,Papayapalem
Pedakurapadu,PRP,89,19,Basu Linga Reddy,2009,BELLAMKONDA,PAPAYAPALEM,Papayapalem
Pedakurapadu,TDP,365,20,KOMMALAPATI SRIDHAR,2009,BELLAMKONDA,MANNESULTHANPALEM,Mannesulthan Palem
Pedakurapadu,INC,458,20,Pathan Noorjahan Begum,2009,BELLAMKONDA,MANNESULTHANPALEM,Mannesulthan Palem
Pedakurapadu,PRP,26,20,Basu Linga Reddy,2009,BELLAMKONDA,MANNESULTHANPALEM,Mannesulthan Palem
Pedakurapadu,TDP,328,21,KOMMALAPATI SRIDHAR,2009,BELLAMKONDA,EMMAJIGUDEM,Emmajigudem
Pedakurapadu,INC,173,21,Pathan Noorjahan Begum,2009,BELLAMKONDA,EMMAJIGUDEM,Emmajigudem
Pedakurapadu,PRP,73,21,Basu Linga Reddy,2009,BELLAMKONDA,EMMAJIGUDEM,Emmajigudem
Pedakurapadu,TDP,154,22,KOMMALAPATI SRIDHAR,2009,BELLAMKONDA,VENKATAYAPALEM,Venkatayapalem
Pedakurapadu,INC,364,22,Pathan Noorjahan Begum,2009,BELLAMKONDA,VENKATAYAPALEM,Venkatayapalem
Pedakurapadu,PRP,320,22,Basu Linga Reddy,2009,BELLAMKONDA,VENKATAYAPALEM,Venkatayapalem
Pedakurapadu,TDP,216,23,KOMMALAPATI SRIDHAR,2009,BELLAMKONDA,GOPALAPURAM,Gopalapuram
Pedakurapadu,INC,163,23,Pathan Noorjahan Begum,2009,BELLAMKONDA,GOPALAPURAM,Gopalapuram
Pedakurapadu,PRP,21,23,Basu Linga Reddy,2009,BELLAMKONDA,GOPALAPURAM,Gopalapuram
Pedakurapadu,TDP,220,24,KOMMALAPATI SRIDHAR,2009,BELLAMKONDA,KAMEPALLI,Kamepalli
Pedakurapadu,INC,127,24,Pathan Noorjahan Begum,2009,BELLAMKONDA,KAMEPALLI,Kamepalli
Pedakurapadu,PRP,38,24,Basu Linga Reddy,2009,BELLAMKONDA,KAMEPALLI,Kamepalli
Pedakurapadu,TDP,352,25,KOMMALAPATI SRIDHAR,2009,BELLAMKONDA,BODHANAM,Bodhanam
Pedakurapadu,INC,562,25,Pathan Noorjahan Begum,2009,BELLAMKONDA,BODHANAM,Bodhanam
Pedakurapadu,PRP,42,25,Basu Linga Reddy,2009,BELLAMKONDA,BODHANAM,Bodhanam
Pedakurapadu,TDP,86,26,KOMMALAPATI SRIDHAR,2009,BELLAMKONDA,KETHAVARAM,Kethavaram
Pedakurapadu,INC,220,26,Pathan Noorjahan Begum,2009,BELLAMKONDA,KETHAVARAM,Kethavaram
Pedakurapadu,PRP,19,26,Basu Linga Reddy,2009,BELLAMKONDA,KETHAVARAM,Kethavaram
Pedakurapadu,TDP,206,27,KOMMALAPATI SRIDHAR,2009,BELLAMKONDA,CHITYALA SIVARU TANDA,Chityala Sivaru Tanda
Pedakurapadu,INC,295,27,Pathan Noorjahan Begum,2009,BELLAMKONDA,CHITYALA SIVARU TANDA,Chityala Sivaru Tanda
Pedakurapadu,PRP,77,27,Basu Linga Reddy,2009,BELLAMKONDA,CHITYALA SIVARU TANDA,Chityala Sivaru Tanda
Pedakurapadu,TDP,166,28,KOMMALAPATI SRIDHAR,2009,BELLAMKONDA,CHITYALA,Chityala
Pedakurapadu,INC,239,28,Pathan Noorjahan Begum,2009,BELLAMKONDA,CHITYALA,Chityala
Pedakurapadu,PRP,27,28,Basu Linga Reddy,2009,BELLAMKONDA,CHITYALA,Chityala
Pedakurapadu,TDP,462,29,KOMMALAPATI SRIDHAR,2009,BELLAMKONDA,KOLLURU,Kolluru
Pedakurapadu,INC,542,29,Pathan Noorjahan Begum,2009,BELLAMKONDA,KOLLURU,Kolluru
Pedakurapadu,PRP,163,29,Basu Linga Reddy,2009,BELLAMKONDA,KOLLURU,Kolluru
Pedakurapadu,TDP,105,30,KOMMALAPATI SRIDHAR,2009,BELLAMKONDA,KOLLURU,Kolluru
Pedakurapadu,INC,175,30,Pathan Noorjahan Begum,2009,BELLAMKONDA,KOLLURU,Kolluru
Pedakurapadu,PRP,123,30,Basu Linga Reddy,2009,BELLAMKONDA,KOLLURU,Kolluru
Pedakurapadu,TDP,352,31,KOMMALAPATI SRIDHAR,2009,BELLAMKONDA,PULICHINTHALA,Pulichinthala
Pedakurapadu,INC,335,31,Pathan Noorjahan Begum,2009,BELLAMKONDA,PULICHINTHALA,Pulichinthala
Pedakurapadu,PRP,155,31,Basu Linga Reddy,2009,BELLAMKONDA,PULICHINTHALA,Pulichinthala
Pedakurapadu,TDP,161,32,KOMMALAPATI SRIDHAR,2009,ATCHAMPETA,MADIPADU AGRAHARAM,Madipadu Agraharam
Pedakurapadu,INC,209,32,Pathan Noorjahan Begum,2009,ATCHAMPETA,MADIPADU AGRAHARAM,Madipadu Agraharam
Pedakurapadu,PRP,48,32,Basu Linga Reddy,2009,ATCHAMPETA,MADIPADU AGRAHARAM,Madipadu Agraharam
Pedakurapadu,TDP,149,33,KOMMALAPATI SRIDHAR,2009,ATCHAMPETA,KANCHUBODUTANDA,Kanchubodutanda
Pedakurapadu,INC,284,33,Pathan Noorjahan Begum,2009,ATCHAMPETA,KANCHUBODUTANDA,Kanchubodutanda
Pedakurapadu,PRP,57,33,Basu Linga Reddy,2009,ATCHAMPETA,KANCHUBODUTANDA,Kanchubodutanda
Pedakurapadu,TDP,351,34,KOMMALAPATI SRIDHAR,2009,ATCHAMPETA,GINJUPALLI,Ginjupalli
Pedakurapadu,INC,426,34,Pathan Noorjahan Begum,2009,ATCHAMPETA,GINJUPALLI,Ginjupalli
Pedakurapadu,PRP,72,34,Basu Linga Reddy,2009,ATCHAMPETA,GINJUPALLI,Ginjupalli
Pedakurapadu,TDP,285,35,KOMMALAPATI SRIDHAR,2009,ATCHAMPETA,CHALLAGARIGA,Challagariga
Pedakurapadu,INC,482,35,Pathan Noorjahan Begum,2009,ATCHAMPETA,CHALLAGARIGA,Challagariga
Pedakurapadu,PRP,113,35,Basu Linga Reddy,2009,ATCHAMPETA,CHALLAGARIGA,Challagariga
Pedakurapadu,TDP,181,36,KOMMALAPATI SRIDHAR,2009,ATCHAMPETA,TADUVAYI,Taduvayi
Pedakurapadu,INC,305,36,Pathan Noorjahan Begum,2009,ATCHAMPETA,TADUVAYI,Taduvayi
Pedakurapadu,PRP,102,36,Basu Linga Reddy,2009,ATCHAMPETA,TADUVAYI,Taduvayi
Pedakurapadu,TDP,173,37,KOMMALAPATI SRIDHAR,2009,ATCHAMPETA,CHINTAPALLI,Chintapalli
Pedakurapadu,INC,260,37,Pathan Noorjahan Begum,2009,ATCHAMPETA,CHINTAPALLI,Chintapalli
Pedakurapadu,PRP,103,37,Basu Linga Reddy,2009,ATCHAMPETA,CHINTAPALLI,Chintapalli
Pedakurapadu,TDP,125,38,KOMMALAPATI SRIDHAR,2009,ATCHAMPETA,CHINTAPALLI,Chintapalli
Pedakurapadu,INC,244,38,Pathan Noorjahan Begum,2009,ATCHAMPETA,CHINTAPALLI,Chintapalli
Pedakurapadu,PRP,149,38,Basu Linga Reddy,2009,ATCHAMPETA,CHINTAPALLI,Chintapalli
Pedakurapadu,TDP,202,39,KOMMALAPATI SRIDHAR,2009,ATCHAMPETA,CHERUKUMPALEM,Chintapalli Sivaru Cherukumpalem
Pedakurapadu,INC,341,39,Pathan Noorjahan Begum,2009,ATCHAMPETA,CHERUKUMPALEM,Chintapalli Sivaru Cherukumpalem
Pedakurapadu,PRP,139,39,Basu Linga Reddy,2009,ATCHAMPETA,CHERUKUMPALEM,Chintapalli Sivaru Cherukumpalem
Pedakurapadu,TDP,466,40,KOMMALAPATI SRIDHAR,2009,ATCHAMPETA,CHERUKUMPALEM,Chinthapalli Sivaru Cherukumpalem
Pedakurapadu,INC,338,40,Pathan Noorjahan Begum,2009,ATCHAMPETA,CHERUKUMPALEM,Chinthapalli Sivaru Cherukumpalem
Pedakurapadu,PRP,204,40,Basu Linga Reddy,2009,ATCHAMPETA,CHERUKUMPALEM,Chinthapalli Sivaru Cherukumpalem
Pedakurapadu,TDP,320,41,KOMMALAPATI SRIDHAR,2009,ATCHAMPETA,TALLACHERUVU,Tallacheruvu
Pedakurapadu,INC,341,41,Pathan Noorjahan Begum,2009,ATCHAMPETA,TALLACHERUVU,Tallacheruvu
Pedakurapadu,PRP,134,41,Basu Linga Reddy,2009,ATCHAMPETA,TALLACHERUVU,Tallacheruvu
Pedakurapadu,TDP,379,42,KOMMALAPATI SRIDHAR,2009,ATCHAMPETA,TALLACHERUVU,Tallacheruvu
Pedakurapadu,INC,421,42,Pathan Noorjahan Begum,2009,ATCHAMPETA,TALLACHERUVU,Tallacheruvu
Pedakurapadu,PRP,123,42,Basu Linga Reddy,2009,ATCHAMPETA,TALLACHERUVU,Tallacheruvu
Pedakurapadu,TDP,273,43,KOMMALAPATI SRIDHAR,2009,ATCHAMPETA,TALLACHERUVU,Tallacheruvu
Pedakurapadu,INC,512,43,Pathan Noorjahan Begum,2009,ATCHAMPETA,TALLACHERUVU,Tallacheruvu
Pedakurapadu,PRP,48,43,Basu Linga Reddy,2009,ATCHAMPETA,TALLACHERUVU,Tallacheruvu
Pedakurapadu,TDP,447,44,KOMMALAPATI SRIDHAR,2009,ATCHAMPETA,TALLACHERUVU,Tallacheruvu
Pedakurapadu,INC,335,44,Pathan Noorjahan Begum,2009,ATCHAMPETA,TALLACHERUVU,Tallacheruvu
Pedakurapadu,PRP,116,44,Basu Linga Reddy,2009,ATCHAMPETA,TALLACHERUVU,Tallacheruvu
Pedakurapadu,TDP,402,45,KOMMALAPATI SRIDHAR,2009,ATCHAMPETA,CHAMARRU,Chamarru
Pedakurapadu,INC,286,45,Pathan Noorjahan Begum,2009,ATCHAMPETA,CHAMARRU,Chamarru
Pedakurapadu,PRP,98,45,Basu Linga Reddy,2009,ATCHAMPETA,CHAMARRU,Chamarru
Pedakurapadu,TDP,410,46,KOMMALAPATI SRIDHAR,2009,ATCHAMPETA,ACHAMPET,Chamarru Sivaru Achampet
Pedakurapadu,INC,311,46,Pathan Noorjahan Begum,2009,ATCHAMPETA,ACHAMPET,Chamarru Sivaru Achampet
Pedakurapadu,PRP,87,46,Basu Linga Reddy,2009,ATCHAMPETA,ACHAMPET,Chamarru Sivaru Achampet
Pedakurapadu,TDP,404,47,KOMMALAPATI SRIDHAR,2009,ATCHAMPETA,ACHAMPET,Chamarru Sivaru Achampeta
Pedakurapadu,INC,181,47,Pathan Noorjahan Begum,2009,ATCHAMPETA,ACHAMPET,Chamarru Sivaru Achampeta
Pedakurapadu,PRP,128,47,Basu Linga Reddy,2009,ATCHAMPETA,ACHAMPET,Chamarru Sivaru Achampeta
Pedakurapadu,TDP,329,48,KOMMALAPATI SRIDHAR,2009,ATCHAMPETA,ACHAMPET,Chamarru Sivaru Atchampeta
Pedakurapadu,INC,173,48,Pathan Noorjahan Begum,2009,ATCHAMPETA,ACHAMPET,Chamarru Sivaru Atchampeta
Pedakurapadu,PRP,148,48,Basu Linga Reddy,2009,ATCHAMPETA,ACHAMPET,Chamarru Sivaru Atchampeta
Pedakurapadu,TDP,348,49,KOMMALAPATI SRIDHAR,2009,ATCHAMPETA,ACHAMPET,Chamarru Sivaru Atchampeta
Pedakurapadu,INC,208,49,Pathan Noorjahan Begum,2009,ATCHAMPETA,ACHAMPET,Chamarru Sivaru Atchampeta
Pedakurapadu,PRP,99,49,Basu Linga Reddy,2009,ATCHAMPETA,ACHAMPET,Chamarru Sivaru Atchampeta
Pedakurapadu,TDP,325,50,KOMMALAPATI SRIDHAR,2009,ATCHAMPETA,ACHAMPET,Chamarru Sivaru Atchampeta
Pedakurapadu,INC,229,50,Pathan Noorjahan Begum,2009,ATCHAMPETA,ACHAMPET,Chamarru Sivaru Atchampeta
Pedakurapadu,PRP,123,50,Basu Linga Reddy,2009,ATCHAMPETA,ACHAMPET,Chamarru Sivaru Atchampeta
Pedakurapadu,TDP,298,51,KOMMALAPATI SRIDHAR,2009,ATCHAMPETA,ACHAMPET,Chamarru Sivaru Atchampeta
Pedakurapadu,INC,160,51,Pathan Noorjahan Begum,2009,ATCHAMPETA,ACHAMPET,Chamarru Sivaru Atchampeta
Pedakurapadu,PRP,60,51,Basu Linga Reddy,2009,ATCHAMPETA,ACHAMPET,Chamarru Sivaru Atchampeta
Pedakurapadu,TDP,391,52,KOMMALAPATI SRIDHAR,2009,ATCHAMPETA,NEELESWARAPALEM,Chamarru Sivaru Neeleswara Palem
Pedakurapadu,INC,311,52,Pathan Noorjahan Begum,2009,ATCHAMPETA,NEELESWARAPALEM,Chamarru Sivaru Neeleswara Palem
Pedakurapadu,PRP,138,52,Basu Linga Reddy,2009,ATCHAMPETA,NEELESWARAPALEM,Chamarru Sivaru Neeleswara Palem
Pedakurapadu,TDP,366,53,KOMMALAPATI SRIDHAR,2009,ATCHAMPETA,CHIGURUPADU,Chigurupadu
Pedakurapadu,INC,320,53,Pathan Noorjahan Begum,2009,ATCHAMPETA,CHIGURUPADU,Chigurupadu
Pedakurapadu,PRP,138,53,Basu Linga Reddy,2009,ATCHAMPETA,CHIGURUPADU,Chigurupadu
Pedakurapadu,TDP,78,54,KOMMALAPATI SRIDHAR,2009,ATCHAMPETA,CHIGURUPADU,Chigurupadu
Pedakurapadu,INC,364,54,Pathan Noorjahan Begum,2009,ATCHAMPETA,CHIGURUPADU,Chigurupadu
Pedakurapadu,PRP,68,54,Basu Linga Reddy,2009,ATCHAMPETA,CHIGURUPADU,Chigurupadu
Pedakurapadu,TDP,329,55,KOMMALAPATI SRIDHAR,2009,ATCHAMPETA,KOTHAVURU,Kothavuru H/O Kogantivaripalem
Pedakurapadu,INC,119,55,Pathan Noorjahan Begum,2009,ATCHAMPETA,KOTHAVURU,Kothavuru H/O Kogantivaripalem
Pedakurapadu,PRP,35,55,Basu Linga Reddy,2009,ATCHAMPETA,KOTHAVURU,Kothavuru H/O Kogantivaripalem
Pedakurapadu,TDP,473,56,KOMMALAPATI SRIDHAR,2009,ATCHAMPETA,AMBADIPUDI,Ambadipudi
Pedakurapadu,INC,459,56,Pathan Noorjahan Begum,2009,ATCHAMPETA,AMBADIPUDI,Ambadipudi
Pedakurapadu,PRP,92,56,Basu Linga Reddy,2009,ATCHAMPETA,AMBADIPUDI,Ambadipudi
Pedakurapadu,TDP,486,57,KOMMALAPATI SRIDHAR,2009,ATCHAMPETA,KONOORU,Konooru
Pedakurapadu,INC,456,57,Pathan Noorjahan Begum,2009,ATCHAMPETA,KONOORU,Konooru
Pedakurapadu,PRP,82,57,Basu Linga Reddy,2009,ATCHAMPETA,KONOORU,Konooru
Pedakurapadu,TDP,238,58,KOMMALAPATI SRIDHAR,2009,ATCHAMPETA,KONOORU,Konooru
Pedakurapadu,INC,216,58,Pathan Noorjahan Begum,2009,ATCHAMPETA,KONOORU,Konooru
Pedakurapadu,PRP,117,58,Basu Linga Reddy,2009,ATCHAMPETA,KONOORU,Konooru
Pedakurapadu,TDP,199,59,KOMMALAPATI SRIDHAR,2009,ATCHAMPETA,KASTALA,Kastala
Pedakurapadu,INC,233,59,Pathan Noorjahan Begum,2009,ATCHAMPETA,KASTALA,Kastala
Pedakurapadu,PRP,103,59,Basu Linga Reddy,2009,ATCHAMPETA,KASTALA,Kastala
Pedakurapadu,TDP,214,60,KOMMALAPATI SRIDHAR,2009,ATCHAMPETA,KASTALA,Kastala
Pedakurapadu,INC,344,60,Pathan Noorjahan Begum,2009,ATCHAMPETA,KASTALA,Kastala
Pedakurapadu,PRP,224,60,Basu Linga Reddy,2009,ATCHAMPETA,KASTALA,Kastala
Pedakurapadu,TDP,417,61,KOMMALAPATI SRIDHAR,2009,ATCHAMPETA,ORVAKALLU,Orvakallu
Pedakurapadu,INC,300,61,Pathan Noorjahan Begum,2009,ATCHAMPETA,ORVAKALLU,Orvakallu
Pedakurapadu,PRP,101,61,Basu Linga Reddy,2009,ATCHAMPETA,ORVAKALLU,Orvakallu
Pedakurapadu,TDP,372,62,KOMMALAPATI SRIDHAR,2009,ATCHAMPETA,RUDRADARAM,Rudradaram H/O Orvakallu
Pedakurapadu,INC,246,62,Pathan Noorjahan Begum,2009,ATCHAMPETA,RUDRADARAM,Rudradaram H/O Orvakallu
Pedakurapadu,PRP,33,62,Basu Linga Reddy,2009,ATCHAMPETA,RUDRADARAM,Rudradaram H/O Orvakallu
Pedakurapadu,TDP,347,63,KOMMALAPATI SRIDHAR,2009,ATCHAMPETA,GRANDASIRI,Grandasiri H/O Orvakallu
Pedakurapadu,INC,230,63,Pathan Noorjahan Begum,2009,ATCHAMPETA,GRANDASIRI,Grandasiri H/O Orvakallu
Pedakurapadu,PRP,26,63,Basu Linga Reddy,2009,ATCHAMPETA,GRANDASIRI,Grandasiri H/O Orvakallu
Pedakurapadu,TDP,232,64,KOMMALAPATI SRIDHAR,2009,ATCHAMPETA,GRANDASIRI,Grandasiri H/O Orvakallu
Pedakurapadu,INC,104,64,Pathan Noorjahan Begum,2009,ATCHAMPETA,GRANDASIRI,Grandasiri H/O Orvakallu
Pedakurapadu,PRP,24,64,Basu Linga Reddy,2009,ATCHAMPETA,GRANDASIRI,Grandasiri H/O Orvakallu
Pedakurapadu,TDP,240,65,KOMMALAPATI SRIDHAR,2009,ATCHAMPETA,GRANDASIRI,Grandasiri H/O Orvakallu
Pedakurapadu,INC,192,65,Pathan Noorjahan Begum,2009,ATCHAMPETA,GRANDASIRI,Grandasiri H/O Orvakallu
Pedakurapadu,PRP,257,65,Basu Linga Reddy,2009,ATCHAMPETA,GRANDASIRI,Grandasiri H/O Orvakallu
Pedakurapadu,TDP,471,66,KOMMALAPATI SRIDHAR,2009,ATCHAMPETA,VELPURU,Velpuru
Pedakurapadu,INC,305,66,Pathan Noorjahan Begum,2009,ATCHAMPETA,VELPURU,Velpuru
Pedakurapadu,PRP,40,66,Basu Linga Reddy,2009,ATCHAMPETA,VELPURU,Velpuru
Pedakurapadu,TDP,522,67,KOMMALAPATI SRIDHAR,2009,ATCHAMPETA,VELPURU,Velpuru
Pedakurapadu,INC,167,67,Pathan Noorjahan Begum,2009,ATCHAMPETA,VELPURU,Velpuru
Pedakurapadu,PRP,40,67,Basu Linga Reddy,2009,ATCHAMPETA,VELPURU,Velpuru
Pedakurapadu,TDP,316,68,KOMMALAPATI SRIDHAR,2009,ATCHAMPETA,VELPURU,Velpuru
Pedakurapadu,INC,179,68,Pathan Noorjahan Begum,2009,ATCHAMPETA,VELPURU,Velpuru
Pedakurapadu,PRP,19,68,Basu Linga Reddy,2009,ATCHAMPETA,VELPURU,Velpuru
Pedakurapadu,TDP,240,69,KOMMALAPATI SRIDHAR,2009,ATCHAMPETA,VELPURU,Velpuru
Pedakurapadu,INC,356,69,Pathan Noorjahan Begum,2009,ATCHAMPETA,VELPURU,Velpuru
Pedakurapadu,PRP,42,69,Basu Linga Reddy,2009,ATCHAMPETA,VELPURU,Velpuru
Pedakurapadu,TDP,244,70,KOMMALAPATI SRIDHAR,2009,ATCHAMPETA,PEDAPALEM,Pedapalem
Pedakurapadu,INC,350,70,Pathan Noorjahan Begum,2009,ATCHAMPETA,PEDAPALEM,Pedapalem
Pedakurapadu,PRP,22,70,Basu Linga Reddy,2009,ATCHAMPETA,PEDAPALEM,Pedapalem
Pedakurapadu,TDP,295,71,KOMMALAPATI SRIDHAR,2009,ATCHAMPETA,PEDAPALEM,Pedapalem
Pedakurapadu,INC,224,71,Pathan Noorjahan Begum,2009,ATCHAMPETA,PEDAPALEM,Pedapalem
Pedakurapadu,PRP,49,71,Basu Linga Reddy,2009,ATCHAMPETA,PEDAPALEM,Pedapalem
Pedakurapadu,TDP,235,72,KOMMALAPATI SRIDHAR,2009,ATCHAMPETA,PEDAPALEM,Pedapalem
Pedakurapadu,INC,237,72,Pathan Noorjahan Begum,2009,ATCHAMPETA,PEDAPALEM,Pedapalem
Pedakurapadu,PRP,36,72,Basu Linga Reddy,2009,ATCHAMPETA,PEDAPALEM,Pedapalem
Pedakurapadu,TDP,164,73,KOMMALAPATI SRIDHAR,2009,ATCHAMPETA,MITTAPALEM,Mittapalem
Pedakurapadu,INC,249,73,Pathan Noorjahan Begum,2009,ATCHAMPETA,MITTAPALEM,Mittapalem
Pedakurapadu,PRP,250,73,Basu Linga Reddy,2009,ATCHAMPETA,MITTAPALEM,Mittapalem
Pedakurapadu,TDP,399,74,KOMMALAPATI SRIDHAR,2009,ATCHAMPETA,KONDURU,Konduru
Pedakurapadu,INC,304,74,Pathan Noorjahan Begum,2009,ATCHAMPETA,KONDURU,Konduru
Pedakurapadu,PRP,12,74,Basu Linga Reddy,2009,ATCHAMPETA,KONDURU,Konduru
Pedakurapadu,TDP,347,75,KOMMALAPATI SRIDHAR,2009,ATCHAMPETA,KONDURU,Konduru
Pedakurapadu,INC,284,75,Pathan Noorjahan Begum,2009,ATCHAMPETA,KONDURU,Konduru
Pedakurapadu,PRP,1,75,Basu Linga Reddy,2009,ATCHAMPETA,KONDURU,Konduru
Pedakurapadu,TDP,445,76,KOMMALAPATI SRIDHAR,2009,ATCHAMPETA,NINDUJARLA,Konduru Sivaru Nindujarla
Pedakurapadu,INC,286,76,Pathan Noorjahan Begum,2009,ATCHAMPETA,NINDUJARLA,Konduru Sivaru Nindujarla
Pedakurapadu,PRP,44,76,Basu Linga Reddy,2009,ATCHAMPETA,NINDUJARLA,Konduru Sivaru Nindujarla
Pedakurapadu,TDP,325,77,KOMMALAPATI SRIDHAR,2009,KROSUR,DODLERU,Dodleru
Pedakurapadu,INC,301,77,Pathan Noorjahan Begum,2009,KROSUR,DODLERU,Dodleru
Pedakurapadu,PRP,86,77,Basu Linga Reddy,2009,KROSUR,DODLERU,Dodleru
Pedakurapadu,TDP,337,78,KOMMALAPATI SRIDHAR,2009,KROSUR,DODLERU,Dodleru
Pedakurapadu,INC,288,78,Pathan Noorjahan Begum,2009,KROSUR,DODLERU,Dodleru
Pedakurapadu,PRP,87,78,Basu Linga Reddy,2009,KROSUR,DODLERU,Dodleru
Pedakurapadu,TDP,160,79,KOMMALAPATI SRIDHAR,2009,KROSUR,DODLERU,Dodleru
Pedakurapadu,INC,298,79,Pathan Noorjahan Begum,2009,KROSUR,DODLERU,Dodleru
Pedakurapadu,PRP,119,79,Basu Linga Reddy,2009,KROSUR,DODLERU,Dodleru
Pedakurapadu,TDP,158,80,KOMMALAPATI SRIDHAR,2009,KROSUR,DODLERU,Dodleru
Pedakurapadu,INC,359,80,Pathan Noorjahan Begum,2009,KROSUR,DODLERU,Dodleru
Pedakurapadu,PRP,138,80,Basu Linga Reddy,2009,KROSUR,DODLERU,Dodleru
Pedakurapadu,TDP,284,81,KOMMALAPATI SRIDHAR,2009,KROSUR,DODLERU,Dodleru
Pedakurapadu,INC,398,81,Pathan Noorjahan Begum,2009,KROSUR,DODLERU,Dodleru
Pedakurapadu,PRP,146,81,Basu Linga Reddy,2009,KROSUR,DODLERU,Dodleru
Pedakurapadu,TDP,286,82,KOMMALAPATI SRIDHAR,2009,KROSUR,DODLERU,Dodleru
Pedakurapadu,INC,387,82,Pathan Noorjahan Begum,2009,KROSUR,DODLERU,Dodleru
Pedakurapadu,PRP,129,82,Basu Linga Reddy,2009,KROSUR,DODLERU,Dodleru
Pedakurapadu,TDP,286,83,KOMMALAPATI SRIDHAR,2009,KROSUR,AVULAVARIPALEM,Dodleru Sivaru Avulavari Palem
Pedakurapadu,INC,412,83,Pathan Noorjahan Begum,2009,KROSUR,AVULAVARIPALEM,Dodleru Sivaru Avulavari Palem
Pedakurapadu,PRP,167,83,Basu Linga Reddy,2009,KROSUR,AVULAVARIPALEM,Dodleru Sivaru Avulavari Palem
Pedakurapadu,TDP,321,84,KOMMALAPATI SRIDHAR,2009,KROSUR,PERIKAPADU TANDA,Perikapadu Tanda H/O Dodleru
Pedakurapadu,INC,412,84,Pathan Noorjahan Begum,2009,KROSUR,PERIKAPADU TANDA,Perikapadu Tanda H/O Dodleru
Pedakurapadu,PRP,293,84,Basu Linga Reddy,2009,KROSUR,PERIKAPADU TANDA,Perikapadu Tanda H/O Dodleru
Pedakurapadu,TDP,376,85,KOMMALAPATI SRIDHAR,2009,KROSUR,HASANAABAD,Hasanaabad
Pedakurapadu,INC,273,85,Pathan Noorjahan Begum,2009,KROSUR,HASANAABAD,Hasanaabad
Pedakurapadu,PRP,170,85,Basu Linga Reddy,2009,KROSUR,HASANAABAD,Hasanaabad
Pedakurapadu,TDP,316,86,KOMMALAPATI SRIDHAR,2009,KROSUR,HASANAABAD,Hasanaabad
Pedakurapadu,INC,328,86,Pathan Noorjahan Begum,2009,KROSUR,HASANAABAD,Hasanaabad
Pedakurapadu,PRP,160,86,Basu Linga Reddy,2009,KROSUR,HASANAABAD,Hasanaabad
Pedakurapadu,TDP,495,87,KOMMALAPATI SRIDHAR,2009,KROSUR,NAGAVARAM,Nagavaram H/O Gudipadu
Pedakurapadu,INC,212,87,Pathan Noorjahan Begum,2009,KROSUR,NAGAVARAM,Nagavaram H/O Gudipadu
Pedakurapadu,PRP,300,87,Basu Linga Reddy,2009,KROSUR,NAGAVARAM,Nagavaram H/O Gudipadu
Pedakurapadu,TDP,522,88,KOMMALAPATI SRIDHAR,2009,KROSUR,NAGAVARAM,Nagavaram H/O Gudipadu
Pedakurapadu,INC,179,88,Pathan Noorjahan Begum,2009,KROSUR,NAGAVARAM,Nagavaram H/O Gudipadu
Pedakurapadu,PRP,292,88,Basu Linga Reddy,2009,KROSUR,NAGAVARAM,Nagavaram H/O Gudipadu
Pedakurapadu,TDP,356,89,KOMMALAPATI SRIDHAR,2009,KROSUR,GUDIPADU,Gudipadu
Pedakurapadu,INC,328,89,Pathan Noorjahan Begum,2009,KROSUR,GUDIPADU,Gudipadu
Pedakurapadu,PRP,105,89,Basu Linga Reddy,2009,KROSUR,GUDIPADU,Gudipadu
Pedakurapadu,TDP,361,90,KOMMALAPATI SRIDHAR,2009,KROSUR,GUDIPADU,Gudipadu
Pedakurapadu,INC,332,90,Pathan Noorjahan Begum,2009,KROSUR,GUDIPADU,Gudipadu
Pedakurapadu,PRP,68,90,Basu Linga Reddy,2009,KROSUR,GUDIPADU,Gudipadu
Pedakurapadu,TDP,200,91,KOMMALAPATI SRIDHAR,2009,KROSUR,GARIKAPADU,Garikapadu
Pedakurapadu,INC,139,91,Pathan Noorjahan Begum,2009,KROSUR,GARIKAPADU,Garikapadu
Pedakurapadu,PRP,43,91,Basu Linga Reddy,2009,KROSUR,GARIKAPADU,Garikapadu
Pedakurapadu,TDP,401,92,KOMMALAPATI SRIDHAR,2009,KROSUR,VUYYANDANA,Vuyyandana
Pedakurapadu,INC,363,92,Pathan Noorjahan Begum,2009,KROSUR,VUYYANDANA,Vuyyandana
Pedakurapadu,PRP,408,92,Basu Linga Reddy,2009,KROSUR,VUYYANDANA,Vuyyandana
Pedakurapadu,TDP,416,93,KOMMALAPATI SRIDHAR,2009,KROSUR,88-THALLURU,88-Thalluru
Pedakurapadu,INC,216,93,Pathan Noorjahan Begum,2009,KROSUR,88-THALLURU,88-Thalluru
Pedakurapadu,PRP,206,93,Basu Linga Reddy,2009,KROSUR,88-THALLURU,88-Thalluru
Pedakurapadu,TDP,412,94,KOMMALAPATI SRIDHAR,2009,KROSUR,88-THALLURU,88-Talluru
Pedakurapadu,INC,217,94,Pathan Noorjahan Begum,2009,KROSUR,88-THALLURU,88-Talluru
Pedakurapadu,PRP,230,94,Basu Linga Reddy,2009,KROSUR,88-THALLURU,88-Talluru
Pedakurapadu,TDP,340,95,KOMMALAPATI SRIDHAR,2009,KROSUR,88-THALLURU,88-Talluru
Pedakurapadu,INC,286,95,Pathan Noorjahan Begum,2009,KROSUR,88-THALLURU,88-Talluru
Pedakurapadu,PRP,140,95,Basu Linga Reddy,2009,KROSUR,88-THALLURU,88-Talluru
Pedakurapadu,TDP,364,96,KOMMALAPATI SRIDHAR,2009,KROSUR,PEESAPADU,Peesapadu
Pedakurapadu,INC,331,96,Pathan Noorjahan Begum,2009,KROSUR,PEESAPADU,Peesapadu
Pedakurapadu,PRP,52,96,Basu Linga Reddy,2009,KROSUR,PEESAPADU,Peesapadu
Pedakurapadu,TDP,377,97,KOMMALAPATI SRIDHAR,2009,KROSUR,PEESAPADU,Peesapadu
Pedakurapadu,INC,319,97,Pathan Noorjahan Begum,2009,KROSUR,PEESAPADU,Peesapadu
Pedakurapadu,PRP,81,97,Basu Linga Reddy,2009,KROSUR,PEESAPADU,Peesapadu
Pedakurapadu,TDP,44,98,KOMMALAPATI SRIDHAR,2009,KROSUR,PARUPALLI,Parupalli
Pedakurapadu,INC,255,98,Pathan Noorjahan Begum,2009,KROSUR,PARUPALLI,Parupalli
Pedakurapadu,PRP,25,98,Basu Linga Reddy,2009,KROSUR,PARUPALLI,Parupalli
Pedakurapadu,TDP,157,99,KOMMALAPATI SRIDHAR,2009,KROSUR,ERRABALEM,Errabalem H/O Krosuru
Pedakurapadu,INC,256,99,Pathan Noorjahan Begum,2009,KROSUR,ERRABALEM,Errabalem H/O Krosuru
Pedakurapadu,PRP,231,99,Basu Linga Reddy,2009,KROSUR,ERRABALEM,Errabalem H/O Krosuru
Pedakurapadu,TDP,134,100,KOMMALAPATI SRIDHAR,2009,KROSUR,ERRABALEM,Errabalem H/O Krosuru
Pedakurapadu,INC,310,100,Pathan Noorjahan Begum,2009,KROSUR,ERRABALEM,Errabalem H/O Krosuru
Pedakurapadu,PRP,203,100,Basu Linga Reddy,2009,KROSUR,ERRABALEM,Errabalem H/O Krosuru
Pedakurapadu,TDP,247,101,KOMMALAPATI SRIDHAR,2009,KROSUR,KROSURU,Krosuru
Pedakurapadu,INC,246,101,Pathan Noorjahan Begum,2009,KROSUR,KROSURU,Krosuru
Pedakurapadu,PRP,70,101,Basu Linga Reddy,2009,KROSUR,KROSURU,Krosuru
Pedakurapadu,TDP,400,102,KOMMALAPATI SRIDHAR,2009,KROSUR,KROSURU,Krosuru
Pedakurapadu,INC,224,102,Pathan Noorjahan Begum,2009,KROSUR,KROSURU,Krosuru
Pedakurapadu,PRP,83,102,Basu Linga Reddy,2009,KROSUR,KROSURU,Krosuru
Pedakurapadu,TDP,421,103,KOMMALAPATI SRIDHAR,2009,KROSUR,KROSURU,Krosuru
Pedakurapadu,INC,245,103,Pathan Noorjahan Begum,2009,KROSUR,KROSURU,Krosuru
Pedakurapadu,PRP,63,103,Basu Linga Reddy,2009,KROSUR,KROSURU,Krosuru
Pedakurapadu,TDP,294,104,KOMMALAPATI SRIDHAR,2009,KROSUR,KROSURU,Krosuru
Pedakurapadu,INC,501,104,Pathan Noorjahan Begum,2009,KROSUR,KROSURU,Krosuru
Pedakurapadu,PRP,84,104,Basu Linga Reddy,2009,KROSUR,KROSURU,Krosuru
Pedakurapadu,TDP,142,105,KOMMALAPATI SRIDHAR,2009,KROSUR,KROSURU,Krosuru
Pedakurapadu,INC,368,105,Pathan Noorjahan Begum,2009,KROSUR,KROSURU,Krosuru
Pedakurapadu,PRP,46,105,Basu Linga Reddy,2009,KROSUR,KROSURU,Krosuru
Pedakurapadu,TDP,241,106,KOMMALAPATI SRIDHAR,2009,KROSUR,KROSURU,Krosuru
Pedakurapadu,INC,260,106,Pathan Noorjahan Begum,2009,KROSUR,KROSURU,Krosuru
Pedakurapadu,PRP,61,106,Basu Linga Reddy,2009,KROSUR,KROSURU,Krosuru
Pedakurapadu,TDP,228,107,KOMMALAPATI SRIDHAR,2009,KROSUR,KROSURU,Krosuru
Pedakurapadu,INC,233,107,Pathan Noorjahan Begum,2009,KROSUR,KROSURU,Krosuru
Pedakurapadu,PRP,62,107,Basu Linga Reddy,2009,KROSUR,KROSURU,Krosuru
Pedakurapadu,TDP,203,108,KOMMALAPATI SRIDHAR,2009,KROSUR,KROSURU,Krosuru
Pedakurapadu,INC,250,108,Pathan Noorjahan Begum,2009,KROSUR,KROSURU,Krosuru
Pedakurapadu,PRP,68,108,Basu Linga Reddy,2009,KROSUR,KROSURU,Krosuru
Pedakurapadu,TDP,392,109,KOMMALAPATI SRIDHAR,2009,KROSUR,ANANTHAVARAM,Ananthavaram
Pedakurapadu,INC,441,109,Pathan Noorjahan Begum,2009,KROSUR,ANANTHAVARAM,Ananthavaram
Pedakurapadu,PRP,81,109,Basu Linga Reddy,2009,KROSUR,ANANTHAVARAM,Ananthavaram
Pedakurapadu,TDP,338,110,KOMMALAPATI SRIDHAR,2009,KROSUR,ANANTHAVARAM,Anantha Varam
Pedakurapadu,INC,471,110,Pathan Noorjahan Begum,2009,KROSUR,ANANTHAVARAM,Anantha Varam
Pedakurapadu,PRP,50,110,Basu Linga Reddy,2009,KROSUR,ANANTHAVARAM,Anantha Varam
Pedakurapadu,TDP,231,111,KOMMALAPATI SRIDHAR,2009,KROSUR,ANDUKURU,Andukuru
Pedakurapadu,INC,301,111,Pathan Noorjahan Begum,2009,KROSUR,ANDUKURU,Andukuru
Pedakurapadu,PRP,51,111,Basu Linga Reddy,2009,KROSUR,ANDUKURU,Andukuru
Pedakurapadu,TDP,710,112,KOMMALAPATI SRIDHAR,2009,KROSUR,ANDUKURU,Andukuru
Pedakurapadu,INC,178,112,Pathan Noorjahan Begum,2009,KROSUR,ANDUKURU,Andukuru
Pedakurapadu,PRP,58,112,Basu Linga Reddy,2009,KROSUR,ANDUKURU,Andukuru
Pedakurapadu,TDP,388,113,KOMMALAPATI SRIDHAR,2009,KROSUR,BALEMARRU,Balemarru
Pedakurapadu,INC,296,113,Pathan Noorjahan Begum,2009,KROSUR,BALEMARRU,Balemarru
Pedakurapadu,PRP,85,113,Basu Linga Reddy,2009,KROSUR,BALEMARRU,Balemarru
Pedakurapadu,TDP,146,114,KOMMALAPATI SRIDHAR,2009,KROSUR,VIPPARLA,Vipparla
Pedakurapadu,INC,136,114,Pathan Noorjahan Begum,2009,KROSUR,VIPPARLA,Vipparla
Pedakurapadu,PRP,49,114,Basu Linga Reddy,2009,KROSUR,VIPPARLA,Vipparla
Pedakurapadu,TDP,477,115,KOMMALAPATI SRIDHAR,2009,KROSUR,VIPPARLA,Vipparla
Pedakurapadu,INC,178,115,Pathan Noorjahan Begum,2009,KROSUR,VIPPARLA,Vipparla
Pedakurapadu,PRP,24,115,Basu Linga Reddy,2009,KROSUR,VIPPARLA,Vipparla
Pedakurapadu,TDP,191,116,KOMMALAPATI SRIDHAR,2009,KROSUR,UTUKURU,Utukuru
Pedakurapadu,INC,212,116,Pathan Noorjahan Begum,2009,KROSUR,UTUKURU,Utukuru
Pedakurapadu,PRP,75,116,Basu Linga Reddy,2009,KROSUR,UTUKURU,Utukuru
Pedakurapadu,TDP,168,117,KOMMALAPATI SRIDHAR,2009,KROSUR,UTUKURU,Utukuru
Pedakurapadu,INC,217,117,Pathan Noorjahan Begum,2009,KROSUR,UTUKURU,Utukuru
Pedakurapadu,PRP,86,117,Basu Linga Reddy,2009,KROSUR,UTUKURU,Utukuru
Pedakurapadu,TDP,353,118,KOMMALAPATI SRIDHAR,2009,KROSUR,UTUKURU,Utukuru
Pedakurapadu,INC,295,118,Pathan Noorjahan Begum,2009,KROSUR,UTUKURU,Utukuru
Pedakurapadu,PRP,28,118,Basu Linga Reddy,2009,KROSUR,UTUKURU,Utukuru
Pedakurapadu,TDP,323,119,KOMMALAPATI SRIDHAR,2009,KROSUR,UTUKURU,Utukuru
Pedakurapadu,INC,314,119,Pathan Noorjahan Begum,2009,KROSUR,UTUKURU,Utukuru
Pedakurapadu,PRP,24,119,Basu Linga Reddy,2009,KROSUR,UTUKURU,Utukuru
Pedakurapadu,TDP,305,120,KOMMALAPATI SRIDHAR,2009,KROSUR,BAYYAVARAM,Bayyavaram
Pedakurapadu,INC,253,120,Pathan Noorjahan Begum,2009,KROSUR,BAYYAVARAM,Bayyavaram
Pedakurapadu,PRP,276,120,Basu Linga Reddy,2009,KROSUR,BAYYAVARAM,Bayyavaram
Pedakurapadu,TDP,290,121,KOMMALAPATI SRIDHAR,2009,KROSUR,BAYYAVARAM,Bayyavaram
Pedakurapadu,INC,240,121,Pathan Noorjahan Begum,2009,KROSUR,BAYYAVARAM,Bayyavaram
Pedakurapadu,PRP,278,121,Basu Linga Reddy,2009,KROSUR,BAYYAVARAM,Bayyavaram
Pedakurapadu,TDP,34,122,KOMMALAPATI SRIDHAR,2009,KROSUR,BAYYAVARAM,Bayyavaram
Pedakurapadu,INC,111,122,Pathan Noorjahan Begum,2009,KROSUR,BAYYAVARAM,Bayyavaram
Pedakurapadu,PRP,709,122,Basu Linga Reddy,2009,KROSUR,BAYYAVARAM,Bayyavaram
Pedakurapadu,TDP,428,123,KOMMALAPATI SRIDHAR,2009,PEDAKURAPADU,GARAPADU,Garapadu
Pedakurapadu,INC,204,123,Pathan Noorjahan Begum,2009,PEDAKURAPADU,GARAPADU,Garapadu
Pedakurapadu,PRP,53,123,Basu Linga Reddy,2009,PEDAKURAPADU,GARAPADU,Garapadu
Pedakurapadu,TDP,453,124,KOMMALAPATI SRIDHAR,2009,PEDAKURAPADU,GARAPADU,Garapadu
Pedakurapadu,INC,193,124,Pathan Noorjahan Begum,2009,PEDAKURAPADU,GARAPADU,Garapadu
Pedakurapadu,PRP,60,124,Basu Linga Reddy,2009,PEDAKURAPADU,GARAPADU,Garapadu
Pedakurapadu,TDP,369,125,KOMMALAPATI SRIDHAR,2009,PEDAKURAPADU,LAGADAPADU,Lagadapadu
Pedakurapadu,INC,332,125,Pathan Noorjahan Begum,2009,PEDAKURAPADU,LAGADAPADU,Lagadapadu
Pedakurapadu,PRP,25,125,Basu Linga Reddy,2009,PEDAKURAPADU,LAGADAPADU,Lagadapadu
Pedakurapadu,TDP,370,126,KOMMALAPATI SRIDHAR,2009,PEDAKURAPADU,LAGADAPADU,Lagadapadu
Pedakurapadu,INC,320,126,Pathan Noorjahan Begum,2009,PEDAKURAPADU,LAGADAPADU,Lagadapadu
Pedakurapadu,PRP,29,126,Basu Linga Reddy,2009,PEDAKURAPADU,LAGADAPADU,Lagadapadu
Pedakurapadu,TDP,217,127,KOMMALAPATI SRIDHAR,2009,PEDAKURAPADU,LAGADAPADU,Lagadapadu
Pedakurapadu,INC,192,127,Pathan Noorjahan Begum,2009,PEDAKURAPADU,LAGADAPADU,Lagadapadu
Pedakurapadu,PRP,71,127,Basu Linga Reddy,2009,PEDAKURAPADU,LAGADAPADU,Lagadapadu
Pedakurapadu,TDP,423,128,KOMMALAPATI SRIDHAR,2009,PEDAKURAPADU,KANNEGANDLA,Kannegandla
Pedakurapadu,INC,245,128,Pathan Noorjahan Begum,2009,PEDAKURAPADU,KANNEGANDLA,Kannegandla
Pedakurapadu,PRP,84,128,Basu Linga Reddy,2009,PEDAKURAPADU,KANNEGANDLA,Kannegandla
Pedakurapadu,TDP,300,129,KOMMALAPATI SRIDHAR,2009,PEDAKURAPADU,HUSSENNAGARAM,Hussen Nagaram
Pedakurapadu,INC,295,129,Pathan Noorjahan Begum,2009,PEDAKURAPADU,HUSSENNAGARAM,Hussen Nagaram
Pedakurapadu,PRP,51,129,Basu Linga Reddy,2009,PEDAKURAPADU,HUSSENNAGARAM,Hussen Nagaram
Pedakurapadu,TDP,287,130,KOMMALAPATI SRIDHAR,2009,PEDAKURAPADU,HUSSAIN NAGARAM,Hussain Nagaram
Pedakurapadu,INC,287,130,Pathan Noorjahan Begum,2009,PEDAKURAPADU,HUSSAIN NAGARAM,Hussain Nagaram
Pedakurapadu,PRP,36,130,Basu Linga Reddy,2009,PEDAKURAPADU,HUSSAIN NAGARAM,Hussain Nagaram
Pedakurapadu,TDP,242,131,KOMMALAPATI SRIDHAR,2009,PEDAKURAPADU,RAMAPURAM,Ramapuram
Pedakurapadu,INC,301,131,Pathan Noorjahan Begum,2009,PEDAKURAPADU,RAMAPURAM,Ramapuram
Pedakurapadu,PRP,44,131,Basu Linga Reddy,2009,PEDAKURAPADU,RAMAPURAM,Ramapuram
Pedakurapadu,TDP,267,132,KOMMALAPATI SRIDHAR,2009,PEDAKURAPADU,BUCCHAIAHPALEM,Pedakurapadu Sivaru Bucchaiah Palem
Pedakurapadu,INC,113,132,Pathan Noorjahan Begum,2009,PEDAKURAPADU,BUCCHAIAHPALEM,Pedakurapadu Sivaru Bucchaiah Palem
Pedakurapadu,PRP,8,132,Basu Linga Reddy,2009,PEDAKURAPADU,BUCCHAIAHPALEM,Pedakurapadu Sivaru Bucchaiah Palem
Pedakurapadu,TDP,543,133,KOMMALAPATI SRIDHAR,2009,PEDAKURAPADU,PEDAKURAPADU,Pedakurapadu
Pedakurapadu,INC,241,133,Pathan Noorjahan Begum,2009,PEDAKURAPADU,PEDAKURAPADU,Pedakurapadu
Pedakurapadu,PRP,67,133,Basu Linga Reddy,2009,PEDAKURAPADU,PEDAKURAPADU,Pedakurapadu
Pedakurapadu,TDP,563,134,KOMMALAPATI SRIDHAR,2009,PEDAKURAPADU,PEDAKURAPADU,Pedakurapadu
Pedakurapadu,INC,235,134,Pathan Noorjahan Begum,2009,PEDAKURAPADU,PEDAKURAPADU,Pedakurapadu
Pedakurapadu,PRP,64,134,Basu Linga Reddy,2009,PEDAKURAPADU,PEDAKURAPADU,Pedakurapadu
Pedakurapadu,TDP,290,135,KOMMALAPATI SRIDHAR,2009,PEDAKURAPADU,PEDAKURAPADU,Pedakurapadu
Pedakurapadu,INC,389,135,Pathan Noorjahan Begum,2009,PEDAKURAPADU,PEDAKURAPADU,Pedakurapadu
Pedakurapadu,PRP,24,135,Basu Linga Reddy,2009,PEDAKURAPADU,PEDAKURAPADU,Pedakurapadu
Pedakurapadu,TDP,203,136,KOMMALAPATI SRIDHAR,2009,PEDAKURAPADU,PEDAKURAPADU,Pedakurapadu
Pedakurapadu,INC,456,136,Pathan Noorjahan Begum,2009,PEDAKURAPADU,PEDAKURAPADU,Pedakurapadu
Pedakurapadu,PRP,25,136,Basu Linga Reddy,2009,PEDAKURAPADU,PEDAKURAPADU,Pedakurapadu
Pedakurapadu,TDP,466,137,KOMMALAPATI SRIDHAR,2009,PEDAKURAPADU,PEDAKURAPADU,Pedakurapadu
Pedakurapadu,INC,87,137,Pathan Noorjahan Begum,2009,PEDAKURAPADU,PEDAKURAPADU,Pedakurapadu
Pedakurapadu,PRP,30,137,Basu Linga Reddy,2009,PEDAKURAPADU,PEDAKURAPADU,Pedakurapadu
Pedakurapadu,TDP,529,138,KOMMALAPATI SRIDHAR,2009,PEDAKURAPADU,PEDAKURAPADU,Pedakurapadu
Pedakurapadu,INC,71,138,Pathan Noorjahan Begum,2009,PEDAKURAPADU,PEDAKURAPADU,Pedakurapadu
Pedakurapadu,PRP,37,138,Basu Linga Reddy,2009,PEDAKURAPADU,PEDAKURAPADU,Pedakurapadu
Pedakurapadu,TDP,647,139,KOMMALAPATI SRIDHAR,2009,PEDAKURAPADU,PEDAKURAPADU,Pedakurapadu
Pedakurapadu,INC,144,139,Pathan Noorjahan Begum,2009,PEDAKURAPADU,PEDAKURAPADU,Pedakurapadu
Pedakurapadu,PRP,26,139,Basu Linga Reddy,2009,PEDAKURAPADU,PEDAKURAPADU,Pedakurapadu
Pedakurapadu,TDP,398,140,KOMMALAPATI SRIDHAR,2009,PEDAKURAPADU,PEDAKURAPADU,Pedakurapadu
Pedakurapadu,INC,294,140,Pathan Noorjahan Begum,2009,PEDAKURAPADU,PEDAKURAPADU,Pedakurapadu
Pedakurapadu,PRP,109,140,Basu Linga Reddy,2009,PEDAKURAPADU,PEDAKURAPADU,Pedakurapadu
Pedakurapadu,TDP,429,141,KOMMALAPATI SRIDHAR,2009,PEDAKURAPADU,PEDAKURAPADU,Pedakurapadu
Pedakurapadu,INC,312,141,Pathan Noorjahan Begum,2009,PEDAKURAPADU,PEDAKURAPADU,Pedakurapadu
Pedakurapadu,PRP,66,141,Basu Linga Reddy,2009,PEDAKURAPADU,PEDAKURAPADU,Pedakurapadu
Pedakurapadu,TDP,401,142,KOMMALAPATI SRIDHAR,2009,PEDAKURAPADU,ABBARAJUPALEM,Pedakurapadu Sivaru Abbarajupalem
Pedakurapadu,INC,312,142,Pathan Noorjahan Begum,2009,PEDAKURAPADU,ABBARAJUPALEM,Pedakurapadu Sivaru Abbarajupalem
Pedakurapadu,PRP,24,142,Basu Linga Reddy,2009,PEDAKURAPADU,ABBARAJUPALEM,Pedakurapadu Sivaru Abbarajupalem
Pedakurapadu,TDP,281,143,KOMMALAPATI SRIDHAR,2009,PEDAKURAPADU,CHINA MAKKENA,China Makkena
Pedakurapadu,INC,225,143,Pathan Noorjahan Begum,2009,PEDAKURAPADU,CHINA MAKKENA,China Makkena
Pedakurapadu,PRP,12,143,Basu Linga Reddy,2009,PEDAKURAPADU,CHINA MAKKENA,China Makkena
Pedakurapadu,TDP,330,144,KOMMALAPATI SRIDHAR,2009,PEDAKURAPADU,LINGAMGUNTLA,Lingamguntla
Pedakurapadu,INC,279,144,Pathan Noorjahan Begum,2009,PEDAKURAPADU,LINGAMGUNTLA,Lingamguntla
Pedakurapadu,PRP,53,144,Basu Linga Reddy,2009,PEDAKURAPADU,LINGAMGUNTLA,Lingamguntla
Pedakurapadu,TDP,562,145,KOMMALAPATI SRIDHAR,2009,PEDAKURAPADU,LINGAMGUNTLA,Lingamguntla
Pedakurapadu,INC,104,145,Pathan Noorjahan Begum,2009,PEDAKURAPADU,LINGAMGUNTLA,Lingamguntla
Pedakurapadu,PRP,15,145,Basu Linga Reddy,2009,PEDAKURAPADU,LINGAMGUNTLA,Lingamguntla
Pedakurapadu,TDP,530,146,KOMMALAPATI SRIDHAR,2009,PEDAKURAPADU,PODAPADU,Lingamguntla Sivaru Podapadu
Pedakurapadu,INC,385,146,Pathan Noorjahan Begum,2009,PEDAKURAPADU,PODAPADU,Lingamguntla Sivaru Podapadu
Pedakurapadu,PRP,32,146,Basu Linga Reddy,2009,PEDAKURAPADU,PODAPADU,Lingamguntla Sivaru Podapadu
Pedakurapadu,TDP,487,147,KOMMALAPATI SRIDHAR,2009,PEDAKURAPADU,MUSSAPURAM,Mussapuram
Pedakurapadu,INC,284,147,Pathan Noorjahan Begum,2009,PEDAKURAPADU,MUSSAPURAM,Mussapuram
Pedakurapadu,PRP,152,147,Basu Linga Reddy,2009,PEDAKURAPADU,MUSSAPURAM,Mussapuram
Pedakurapadu,TDP,269,148,KOMMALAPATI SRIDHAR,2009,PEDAKURAPADU,PATIBANDLA,Patibandla
Pedakurapadu,INC,743,148,Pathan Noorjahan Begum,2009,PEDAKURAPADU,PATIBANDLA,Patibandla
Pedakurapadu,PRP,79,148,Basu Linga Reddy,2009,PEDAKURAPADU,PATIBANDLA,Patibandla
Pedakurapadu,TDP,229,149,KOMMALAPATI SRIDHAR,2009,PEDAKURAPADU,PATIBANDLA,Patibandla
Pedakurapadu,INC,289,149,Pathan Noorjahan Begum,2009,PEDAKURAPADU,PATIBANDLA,Patibandla
Pedakurapadu,PRP,75,149,Basu Linga Reddy,2009,PEDAKURAPADU,PATIBANDLA,Patibandla
Pedakurapadu,TDP,446,150,KOMMALAPATI SRIDHAR,2009,PEDAKURAPADU,PATIBANDLA,Patibandla
Pedakurapadu,INC,337,150,Pathan Noorjahan Begum,2009,PEDAKURAPADU,PATIBANDLA,Patibandla
Pedakurapadu,PRP,248,150,Basu Linga Reddy,2009,PEDAKURAPADU,PATIBANDLA,Patibandla
Pedakurapadu,TDP,319,151,KOMMALAPATI SRIDHAR,2009,PEDAKURAPADU,JALALAPURAM,Jalalapuram
Pedakurapadu,INC,184,151,Pathan Noorjahan Begum,2009,PEDAKURAPADU,JALALAPURAM,Jalalapuram
Pedakurapadu,PRP,80,151,Basu Linga Reddy,2009,PEDAKURAPADU,JALALAPURAM,Jalalapuram
Pedakurapadu,TDP,325,152,KOMMALAPATI SRIDHAR,2009,PEDAKURAPADU,JALALAPURAM,Jalalapuram
Pedakurapadu,INC,203,152,Pathan Noorjahan Begum,2009,PEDAKURAPADU,JALALAPURAM,Jalalapuram
Pedakurapadu,PRP,83,152,Basu Linga Reddy,2009,PEDAKURAPADU,JALALAPURAM,Jalalapuram
Pedakurapadu,TDP,412,153,KOMMALAPATI SRIDHAR,2009,PEDAKURAPADU,KAMBAMPADU,Kambampadu
Pedakurapadu,INC,218,153,Pathan Noorjahan Begum,2009,PEDAKURAPADU,KAMBAMPADU,Kambampadu
Pedakurapadu,PRP,37,153,Basu Linga Reddy,2009,PEDAKURAPADU,KAMBAMPADU,Kambampadu
Pedakurapadu,TDP,393,154,KOMMALAPATI SRIDHAR,2009,PEDAKURAPADU,KAMBHAMPADU,Kambhampadu
Pedakurapadu,INC,223,154,Pathan Noorjahan Begum,2009,PEDAKURAPADU,KAMBHAMPADU,Kambhampadu
Pedakurapadu,PRP,33,154,Basu Linga Reddy,2009,PEDAKURAPADU,KAMBHAMPADU,Kambhampadu
Pedakurapadu,TDP,349,155,KOMMALAPATI SRIDHAR,2009,PEDAKURAPADU,BALUSUPADU,Balusupadu
Pedakurapadu,INC,295,155,Pathan Noorjahan Begum,2009,PEDAKURAPADU,BALUSUPADU,Balusupadu
Pedakurapadu,PRP,65,155,Basu Linga Reddy,2009,PEDAKURAPADU,BALUSUPADU,Balusupadu
Pedakurapadu,TDP,355,156,KOMMALAPATI SRIDHAR,2009,PEDAKURAPADU,BALUSUPADU,Balusupadu
Pedakurapadu,INC,325,156,Pathan Noorjahan Begum,2009,PEDAKURAPADU,BALUSUPADU,Balusupadu
Pedakurapadu,PRP,59,156,Basu Linga Reddy,2009,PEDAKURAPADU,BALUSUPADU,Balusupadu
Pedakurapadu,TDP,302,157,KOMMALAPATI SRIDHAR,2009,PEDAKURAPADU,KASIPADU,KasiPadu
Pedakurapadu,INC,368,157,Pathan Noorjahan Begum,2009,PEDAKURAPADU,KASIPADU,KasiPadu
Pedakurapadu,PRP,577,157,Basu Linga Reddy,2009,PEDAKURAPADU,KASIPADU,KasiPadu
Pedakurapadu,TDP,291,158,KOMMALAPATI SRIDHAR,2009,PEDAKURAPADU,TAMMAVARAM,Kasipadu Sivaru Tamma Varam
Pedakurapadu,INC,266,158,Pathan Noorjahan Begum,2009,PEDAKURAPADU,TAMMAVARAM,Kasipadu Sivaru Tamma Varam
Pedakurapadu,PRP,454,158,Basu Linga Reddy,2009,PEDAKURAPADU,TAMMAVARAM,Kasipadu Sivaru Tamma Varam
Pedakurapadu,TDP,344,159,KOMMALAPATI SRIDHAR,2009,PEDAKURAPADU,PARASA,75-Tyalluru Sivaru Parasa
Pedakurapadu,INC,181,159,Pathan Noorjahan Begum,2009,PEDAKURAPADU,PARASA,75-Tyalluru Sivaru Parasa
Pedakurapadu,PRP,32,159,Basu Linga Reddy,2009,PEDAKURAPADU,PARASA,75-Tyalluru Sivaru Parasa
Pedakurapadu,TDP,143,160,KOMMALAPATI SRIDHAR,2009,PEDAKURAPADU,75 TYALLURU,75 Tyalluru
Pedakurapadu,INC,216,160,Pathan Noorjahan Begum,2009,PEDAKURAPADU,75 TYALLURU,75 Tyalluru
Pedakurapadu,PRP,46,160,Basu Linga Reddy,2009,PEDAKURAPADU,75 TYALLURU,75 Tyalluru
Pedakurapadu,TDP,156,161,KOMMALAPATI SRIDHAR,2009,PEDAKURAPADU,75 TYALLURU,75 Tyalluru
Pedakurapadu,INC,246,161,Pathan Noorjahan Begum,2009,PEDAKURAPADU,75 TYALLURU,75 Tyalluru
Pedakurapadu,PRP,40,161,Basu Linga Reddy,2009,PEDAKURAPADU,75 TYALLURU,75 Tyalluru
Pedakurapadu,TDP,126,162,KOMMALAPATI SRIDHAR,2009,PEDAKURAPADU,75-TYALLURU,75-Tyalluru
Pedakurapadu,INC,496,162,Pathan Noorjahan Begum,2009,PEDAKURAPADU,75-TYALLURU,75-Tyalluru
Pedakurapadu,PRP,74,162,Basu Linga Reddy,2009,PEDAKURAPADU,75-TYALLURU,75-Tyalluru
Pedakurapadu,TDP,125,163,KOMMALAPATI SRIDHAR,2009,PEDAKURAPADU,75-TYALLURU,75-Tyalluru
Pedakurapadu,INC,302,163,Pathan Noorjahan Begum,2009,PEDAKURAPADU,75-TYALLURU,75-Tyalluru
Pedakurapadu,PRP,39,163,Basu Linga Reddy,2009,PEDAKURAPADU,75-TYALLURU,75-Tyalluru
Pedakurapadu,TDP,389,164,KOMMALAPATI SRIDHAR,2009,PEDAKURAPADU,75-TYALLURU,75-Tyalluru
Pedakurapadu,INC,169,164,Pathan Noorjahan Begum,2009,PEDAKURAPADU,75-TYALLURU,75-Tyalluru
Pedakurapadu,PRP,43,164,Basu Linga Reddy,2009,PEDAKURAPADU,75-TYALLURU,75-Tyalluru
Pedakurapadu,TDP,63,165,KOMMALAPATI SRIDHAR,2009,AMARAVATHI,TURAGAVARIPALEM,Munugodu Sivaru Turagavari Palem
Pedakurapadu,INC,97,165,Pathan Noorjahan Begum,2009,AMARAVATHI,TURAGAVARIPALEM,Munugodu Sivaru Turagavari Palem
Pedakurapadu,PRP,16,165,Basu Linga Reddy,2009,AMARAVATHI,TURAGAVARIPALEM,Munugodu Sivaru Turagavari Palem
Pedakurapadu,TDP,247,166,KOMMALAPATI SRIDHAR,2009,AMARAVATHI,MUNUGODU,Munugodu
Pedakurapadu,INC,242,166,Pathan Noorjahan Begum,2009,AMARAVATHI,MUNUGODU,Munugodu
Pedakurapadu,PRP,129,166,Basu Linga Reddy,2009,AMARAVATHI,MUNUGODU,Munugodu
Pedakurapadu,TDP,199,167,KOMMALAPATI SRIDHAR,2009,AMARAVATHI,MUNUGODU,Munugodu
Pedakurapadu,INC,274,167,Pathan Noorjahan Begum,2009,AMARAVATHI,MUNUGODU,Munugodu
Pedakurapadu,PRP,120,167,Basu Linga Reddy,2009,AMARAVATHI,MUNUGODU,Munugodu
Pedakurapadu,TDP,204,168,KOMMALAPATI SRIDHAR,2009,AMARAVATHI,MUNUGODU,Munugodu
Pedakurapadu,INC,304,168,Pathan Noorjahan Begum,2009,AMARAVATHI,MUNUGODU,Munugodu
Pedakurapadu,PRP,46,168,Basu Linga Reddy,2009,AMARAVATHI,MUNUGODU,Munugodu
Pedakurapadu,TDP,325,169,KOMMALAPATI SRIDHAR,2009,AMARAVATHI,JUPUDI,Jupudi
Pedakurapadu,INC,121,169,Pathan Noorjahan Begum,2009,AMARAVATHI,JUPUDI,Jupudi
Pedakurapadu,PRP,86,169,Basu Linga Reddy,2009,AMARAVATHI,JUPUDI,Jupudi
Pedakurapadu,TDP,153,170,KOMMALAPATI SRIDHAR,2009,AMARAVATHI,JUPUDI,Jupudi
Pedakurapadu,INC,600,170,Pathan Noorjahan Begum,2009,AMARAVATHI,JUPUDI,Jupudi
Pedakurapadu,PRP,35,170,Basu Linga Reddy,2009,AMARAVATHI,JUPUDI,Jupudi
Pedakurapadu,TDP,298,171,KOMMALAPATI SRIDHAR,2009,AMARAVATHI,ATHALURU,Athaluru
Pedakurapadu,INC,164,171,Pathan Noorjahan Begum,2009,AMARAVATHI,ATHALURU,Athaluru
Pedakurapadu,PRP,497,171,Basu Linga Reddy,2009,AMARAVATHI,ATHALURU,Athaluru
Pedakurapadu,TDP,88,172,KOMMALAPATI SRIDHAR,2009,AMARAVATHI,ATHALURU,Athaluru
Pedakurapadu,INC,229,172,Pathan Noorjahan Begum,2009,AMARAVATHI,ATHALURU,Athaluru
Pedakurapadu,PRP,348,172,Basu Linga Reddy,2009,AMARAVATHI,ATHALURU,Athaluru
Pedakurapadu,TDP,221,173,KOMMALAPATI SRIDHAR,2009,AMARAVATHI,ATHALURU,Athaluru
Pedakurapadu,INC,173,173,Pathan Noorjahan Begum,2009,AMARAVATHI,ATHALURU,Athaluru
Pedakurapadu,PRP,194,173,Basu Linga Reddy,2009,AMARAVATHI,ATHALURU,Athaluru
Pedakurapadu,TDP,187,174,KOMMALAPATI SRIDHAR,2009,AMARAVATHI,ATTALURU,Attaluru
Pedakurapadu,INC,178,174,Pathan Noorjahan Begum,2009,AMARAVATHI,ATTALURU,Attaluru
Pedakurapadu,PRP,200,174,Basu Linga Reddy,2009,AMARAVATHI,ATTALURU,Attaluru
Pedakurapadu,TDP,50,175,KOMMALAPATI SRIDHAR,2009,AMARAVATHI,PONDUGULA,Pondugula
Pedakurapadu,INC,106,175,Pathan Noorjahan Begum,2009,AMARAVATHI,PONDUGULA,Pondugula
Pedakurapadu,PRP,105,175,Basu Linga Reddy,2009,AMARAVATHI,PONDUGULA,Pondugula
Pedakurapadu,TDP,169,176,KOMMALAPATI SRIDHAR,2009,AMARAVATHI,MALLADI,Malladi
Pedakurapadu,INC,320,176,Pathan Noorjahan Begum,2009,AMARAVATHI,MALLADI,Malladi
Pedakurapadu,PRP,280,176,Basu Linga Reddy,2009,AMARAVATHI,MALLADI,Malladi
Pedakurapadu,TDP,126,177,KOMMALAPATI SRIDHAR,2009,AMARAVATHI,MALLADI,Malladi
Pedakurapadu,INC,396,177,Pathan Noorjahan Begum,2009,AMARAVATHI,MALLADI,Malladi
Pedakurapadu,PRP,252,177,Basu Linga Reddy,2009,AMARAVATHI,MALLADI,Malladi
Pedakurapadu,TDP,330,178,KOMMALAPATI SRIDHAR,2009,AMARAVATHI,DIDUGU,Didugu
Pedakurapadu,INC,329,178,Pathan Noorjahan Begum,2009,AMARAVATHI,DIDUGU,Didugu
Pedakurapadu,PRP,209,178,Basu Linga Reddy,2009,AMARAVATHI,DIDUGU,Didugu
Pedakurapadu,TDP,466,179,KOMMALAPATI SRIDHAR,2009,AMARAVATHI,DIDUGU,Didugu
Pedakurapadu,INC,335,179,Pathan Noorjahan Begum,2009,AMARAVATHI,DIDUGU,Didugu
Pedakurapadu,PRP,88,179,Basu Linga Reddy,2009,AMARAVATHI,DIDUGU,Didugu
Pedakurapadu,TDP,301,180,KOMMALAPATI SRIDHAR,2009,AMARAVATHI,DHARANIKOTA,Dharanikota
Pedakurapadu,INC,142,180,Pathan Noorjahan Begum,2009,AMARAVATHI,DHARANIKOTA,Dharanikota
Pedakurapadu,PRP,29,180,Basu Linga Reddy,2009,AMARAVATHI,DHARANIKOTA,Dharanikota
Pedakurapadu,TDP,512,181,KOMMALAPATI SRIDHAR,2009,AMARAVATHI,DHARANIKOTA,Dharanikota
Pedakurapadu,INC,283,181,Pathan Noorjahan Begum,2009,AMARAVATHI,DHARANIKOTA,Dharanikota
Pedakurapadu,PRP,39,181,Basu Linga Reddy,2009,AMARAVATHI,DHARANIKOTA,Dharanikota
Pedakurapadu,TDP,527,182,KOMMALAPATI SRIDHAR,2009,AMARAVATHI,DHARANIKOTA,Dharanikota
Pedakurapadu,INC,305,182,Pathan Noorjahan Begum,2009,AMARAVATHI,DHARANIKOTA,Dharanikota
Pedakurapadu,PRP,61,182,Basu Linga Reddy,2009,AMARAVATHI,DHARANIKOTA,Dharanikota
Pedakurapadu,TDP,330,183,KOMMALAPATI SRIDHAR,2009,AMARAVATHI,DHARANIKOTA,Dharanikota
Pedakurapadu,INC,212,183,Pathan Noorjahan Begum,2009,AMARAVATHI,DHARANIKOTA,Dharanikota
Pedakurapadu,PRP,44,183,Basu Linga Reddy,2009,AMARAVATHI,DHARANIKOTA,Dharanikota
Pedakurapadu,TDP,358,184,KOMMALAPATI SRIDHAR,2009,AMARAVATHI,DHARANIKOTA,Dharanikota
Pedakurapadu,INC,224,184,Pathan Noorjahan Begum,2009,AMARAVATHI,DHARANIKOTA,Dharanikota
Pedakurapadu,PRP,50,184,Basu Linga Reddy,2009,AMARAVATHI,DHARANIKOTA,Dharanikota
Pedakurapadu,TDP,352,185,KOMMALAPATI SRIDHAR,2009,AMARAVATHI,DHARANIKOTA,Dharanikota
Pedakurapadu,INC,264,185,Pathan Noorjahan Begum,2009,AMARAVATHI,DHARANIKOTA,Dharanikota
Pedakurapadu,PRP,96,185,Basu Linga Reddy,2009,AMARAVATHI,DHARANIKOTA,Dharanikota
Pedakurapadu,TDP,240,186,KOMMALAPATI SRIDHAR,2009,AMARAVATHI,AMARAVATHI,Amaravathi
Pedakurapadu,INC,199,186,Pathan Noorjahan Begum,2009,AMARAVATHI,AMARAVATHI,Amaravathi
Pedakurapadu,PRP,122,186,Basu Linga Reddy,2009,AMARAVATHI,AMARAVATHI,Amaravathi
Pedakurapadu,TDP,195,187,KOMMALAPATI SRIDHAR,2009,AMARAVATHI,AMARAVATHI,Amaravathi
Pedakurapadu,INC,205,187,Pathan Noorjahan Begum,2009,AMARAVATHI,AMARAVATHI,Amaravathi
Pedakurapadu,PRP,127,187,Basu Linga Reddy,2009,AMARAVATHI,AMARAVATHI,Amaravathi
Pedakurapadu,TDP,342,188,KOMMALAPATI SRIDHAR,2009,AMARAVATHI,AMARAVATHI,Amaravathi
Pedakurapadu,INC,243,188,Pathan Noorjahan Begum,2009,AMARAVATHI,AMARAVATHI,Amaravathi
Pedakurapadu,PRP,71,188,Basu Linga Reddy,2009,AMARAVATHI,AMARAVATHI,Amaravathi
Pedakurapadu,TDP,261,189,KOMMALAPATI SRIDHAR,2009,AMARAVATHI,AMARAVATHI,Amaravathi
Pedakurapadu,INC,283,189,Pathan Noorjahan Begum,2009,AMARAVATHI,AMARAVATHI,Amaravathi
Pedakurapadu,PRP,63,189,Basu Linga Reddy,2009,AMARAVATHI,AMARAVATHI,Amaravathi
Pedakurapadu,TDP,383,190,KOMMALAPATI SRIDHAR,2009,AMARAVATHI,AMARAVATHI,Amaravathi
Pedakurapadu,INC,263,190,Pathan Noorjahan Begum,2009,AMARAVATHI,AMARAVATHI,Amaravathi
Pedakurapadu,PRP,53,190,Basu Linga Reddy,2009,AMARAVATHI,AMARAVATHI,Amaravathi
Pedakurapadu,TDP,346,191,KOMMALAPATI SRIDHAR,2009,AMARAVATHI,AMARAVATHI,Amaravathi
Pedakurapadu,INC,276,191,Pathan Noorjahan Begum,2009,AMARAVATHI,AMARAVATHI,Amaravathi
Pedakurapadu,PRP,170,191,Basu Linga Reddy,2009,AMARAVATHI,AMARAVATHI,Amaravathi
Pedakurapadu,TDP,430,192,KOMMALAPATI SRIDHAR,2009,AMARAVATHI,AMARAVATHI,Amaravathi
Pedakurapadu,INC,273,192,Pathan Noorjahan Begum,2009,AMARAVATHI,AMARAVATHI,Amaravathi
Pedakurapadu,PRP,217,192,Basu Linga Reddy,2009,AMARAVATHI,AMARAVATHI,Amaravathi
Pedakurapadu,TDP,400,193,KOMMALAPATI SRIDHAR,2009,AMARAVATHI,AMARAVATHI,Amaravathi
Pedakurapadu,INC,237,193,Pathan Noorjahan Begum,2009,AMARAVATHI,AMARAVATHI,Amaravathi
Pedakurapadu,PRP,259,193,Basu Linga Reddy,2009,AMARAVATHI,AMARAVATHI,Amaravathi
Pedakurapadu,TDP,100,194,KOMMALAPATI SRIDHAR,2009,AMARAVATHI,AMARAVATHI,Amaravathi
Pedakurapadu,INC,139,194,Pathan Noorjahan Begum,2009,AMARAVATHI,AMARAVATHI,Amaravathi
Pedakurapadu,PRP,172,194,Basu Linga Reddy,2009,AMARAVATHI,AMARAVATHI,Amaravathi
Pedakurapadu,TDP,557,195,KOMMALAPATI SRIDHAR,2009,AMARAVATHI,PEDAMADDURU,Pedamadduru
Pedakurapadu,INC,279,195,Pathan Noorjahan Begum,2009,AMARAVATHI,PEDAMADDURU,Pedamadduru
Pedakurapadu,PRP,70,195,Basu Linga Reddy,2009,AMARAVATHI,PEDAMADDURU,Pedamadduru
Pedakurapadu,TDP,439,196,KOMMALAPATI SRIDHAR,2009,AMARAVATHI,VAIKUNTAPURAM,Vaikuntapuram
Pedakurapadu,INC,364,196,Pathan Noorjahan Begum,2009,AMARAVATHI,VAIKUNTAPURAM,Vaikuntapuram
Pedakurapadu,PRP,150,196,Basu Linga Reddy,2009,AMARAVATHI,VAIKUNTAPURAM,Vaikuntapuram
Pedakurapadu,TDP,433,197,KOMMALAPATI SRIDHAR,2009,AMARAVATHI,VAIKUNTAPURAM,Vaikuntapuram
Pedakurapadu,INC,378,197,Pathan Noorjahan Begum,2009,AMARAVATHI,VAIKUNTAPURAM,Vaikuntapuram
Pedakurapadu,PRP,134,197,Basu Linga Reddy,2009,AMARAVATHI,VAIKUNTAPURAM,Vaikuntapuram
Pedakurapadu,TDP,397,198,KOMMALAPATI SRIDHAR,2009,AMARAVATHI,LINGAPURAM,Lingapuram
Pedakurapadu,INC,183,198,Pathan Noorjahan Begum,2009,AMARAVATHI,LINGAPURAM,Lingapuram
Pedakurapadu,PRP,532,198,Basu Linga Reddy,2009,AMARAVATHI,LINGAPURAM,Lingapuram
Pedakurapadu,TDP,450,199,KOMMALAPATI SRIDHAR,2009,AMARAVATHI,LINGAPURAM,Lingapuram
Pedakurapadu,INC,92,199,Pathan Noorjahan Begum,2009,AMARAVATHI,LINGAPURAM,Lingapuram
Pedakurapadu,PRP,110,199,Basu Linga Reddy,2009,AMARAVATHI,LINGAPURAM,Lingapuram
Pedakurapadu,TDP,450,200,KOMMALAPATI SRIDHAR,2009,AMARAVATHI,LINGAPURAM,Lingapuram
Pedakurapadu,INC,90,200,Pathan Noorjahan Begum,2009,AMARAVATHI,LINGAPURAM,Lingapuram
Pedakurapadu,PRP,64,200,Basu Linga Reddy,2009,AMARAVATHI,LINGAPURAM,Lingapuram
Pedakurapadu,TDP,731,201,KOMMALAPATI SRIDHAR,2009,AMARAVATHI,NARUKULLAPADU,Narukullapadu
Pedakurapadu,INC,359,201,Pathan Noorjahan Begum,2009,AMARAVATHI,NARUKULLAPADU,Narukullapadu
Pedakurapadu,PRP,53,201,Basu Linga Reddy,2009,AMARAVATHI,NARUKULLAPADU,Narukullapadu
Pedakurapadu,TDP,239,202,KOMMALAPATI SRIDHAR,2009,AMARAVATHI,ENIKEPADU,Enikepadu Ho Narukullapadu
Pedakurapadu,INC,48,202,Pathan Noorjahan Begum,2009,AMARAVATHI,ENIKEPADU,Enikepadu Ho Narukullapadu
Pedakurapadu,PRP,10,202,Basu Linga Reddy,2009,AMARAVATHI,ENIKEPADU,Enikepadu Ho Narukullapadu
Pedakurapadu,TDP,492,203,KOMMALAPATI SRIDHAR,2009,AMARAVATHI,ENDRAYI,Endrayi
Pedakurapadu,INC,402,203,Pathan Noorjahan Begum,2009,AMARAVATHI,ENDRAYI,Endrayi
Pedakurapadu,PRP,44,203,Basu Linga Reddy,2009,AMARAVATHI,ENDRAYI,Endrayi
Pedakurapadu,TDP,391,204,KOMMALAPATI SRIDHAR,2009,AMARAVATHI,CHAVAPADU,Chavapadu H/O Endrayi
Pedakurapadu,INC,274,204,Pathan Noorjahan Begum,2009,AMARAVATHI,CHAVAPADU,Chavapadu H/O Endrayi
Pedakurapadu,PRP,17,204,Basu Linga Reddy,2009,AMARAVATHI,CHAVAPADU,Chavapadu H/O Endrayi
Pedakurapadu,TDP,328,205,KOMMALAPATI SRIDHAR,2009,AMARAVATHI,LEMALLE,Lemalle H/O Karlapudi
Pedakurapadu,INC,225,205,Pathan Noorjahan Begum,2009,AMARAVATHI,LEMALLE,Lemalle H/O Karlapudi
Pedakurapadu,PRP,24,205,Basu Linga Reddy,2009,AMARAVATHI,LEMALLE,Lemalle H/O Karlapudi
Pedakurapadu,TDP,338,206,KOMMALAPATI SRIDHAR,2009,AMARAVATHI,LEMALLE,Lemalle H/O Of Karlapudi
Pedakurapadu,INC,238,206,Pathan Noorjahan Begum,2009,AMARAVATHI,LEMALLE,Lemalle H/O Of Karlapudi
Pedakurapadu,PRP,29,206,Basu Linga Reddy,2009,AMARAVATHI,LEMALLE,Lemalle H/O Of Karlapudi
Pedakurapadu,TDP,265,207,KOMMALAPATI SRIDHAR,2009,AMARAVATHI,LEMALLE,Lemalle H/O Karlapudi
Pedakurapadu,INC,416,207,Pathan Noorjahan Begum,2009,AMARAVATHI,LEMALLE,Lemalle H/O Karlapudi
Pedakurapadu,PRP,58,207,Basu Linga Reddy,2009,AMARAVATHI,LEMALLE,Lemalle H/O Karlapudi
Pedakurapadu,TDP,342,208,KOMMALAPATI SRIDHAR,2009,AMARAVATHI,KARLAPUDI,Karlapudi
Pedakurapadu,INC,358,208,Pathan Noorjahan Begum,2009,AMARAVATHI,KARLAPUDI,Karlapudi
Pedakurapadu,PRP,44,208,Basu Linga Reddy,2009,AMARAVATHI,KARLAPUDI,Karlapudi
Pedakurapadu,TDP,350,209,KOMMALAPATI SRIDHAR,2009,AMARAVATHI,KARLAPUDI,Karlapudi
Pedakurapadu,INC,360,209,Pathan Noorjahan Begum,2009,AMARAVATHI,KARLAPUDI,Karlapudi
Pedakurapadu,PRP,35,209,Basu Linga Reddy,2009,AMARAVATHI,KARLAPUDI,Karlapudi
Pedakurapadu,TDP,536,210,KOMMALAPATI SRIDHAR,2009,AMARAVATHI,UNGUTURU,Unguturu
Pedakurapadu,INC,290,210,Pathan Noorjahan Begum,2009,AMARAVATHI,UNGUTURU,Unguturu
Pedakurapadu,PRP,162,210,Basu Linga Reddy,2009,AMARAVATHI,UNGUTURU,Unguturu
Pedakurapadu,TDP,484,211,KOMMALAPATI SRIDHAR,2009,AMARAVATHI,UNGUTURU,Unguturu
Pedakurapadu,INC,33,211,Pathan Noorjahan Begum,2009,AMARAVATHI,UNGUTURU,Unguturu
Pedakurapadu,PRP,31,211,Basu Linga Reddy,2009,AMARAVATHI,UNGUTURU,Unguturu
Pedakurapadu,TDP,313,212,KOMMALAPATI SRIDHAR,2009,AMARAVATHI,NEMALIKALLU,Nemalikallu
Pedakurapadu,INC,333,212,Pathan Noorjahan Begum,2009,AMARAVATHI,NEMALIKALLU,Nemalikallu
Pedakurapadu,PRP,25,212,Basu Linga Reddy,2009,AMARAVATHI,NEMALIKALLU,Nemalikallu
Pedakurapadu,TDP,302,213,KOMMALAPATI SRIDHAR,2009,AMARAVATHI,NEMALIKALLU,Nemalikallu
Pedakurapadu,INC,354,213,Pathan Noorjahan Begum,2009,AMARAVATHI,NEMALIKALLU,Nemalikallu
Pedakurapadu,PRP,14,213,Basu Linga Reddy,2009,AMARAVATHI,NEMALIKALLU,Nemalikallu
Pedakurapadu,TDP,214,214,KOMMALAPATI SRIDHAR,2009,AMARAVATHI,NEMALIKALLU,Nemalikallu
Pedakurapadu,INC,179,214,Pathan Noorjahan Begum,2009,AMARAVATHI,NEMALIKALLU,Nemalikallu
Pedakurapadu,PRP,18,214,Basu Linga Reddy,2009,AMARAVATHI,NEMALIKALLU,Nemalikallu
Pedakurapadu,TDP,405,215,KOMMALAPATI SRIDHAR,2009,AMARAVATHI,MANDEPUDI,Nemalikallu Sivaru Mandepudi
Pedakurapadu,INC,377,215,Pathan Noorjahan Begum,2009,AMARAVATHI,MANDEPUDI,Nemalikallu Sivaru Mandepudi
Pedakurapadu,PRP,26,215,Basu Linga Reddy,2009,AMARAVATHI,MANDEPUDI,Nemalikallu Sivaru Mandepudi
Pedakurapadu,TDP,371,216,KOMMALAPATI SRIDHAR,2009,AMARAVATHI,MANDEPUDI,Nemalikallu Sivaru Mandepudi
Pedakurapadu,INC,389,216,Pathan Noorjahan Begum,2009,AMARAVATHI,MANDEPUDI,Nemalikallu Sivaru Mandepudi
Pedakurapadu,PRP,31,216,Basu Linga Reddy,2009,AMARAVATHI,MANDEPUDI,Nemalikallu Sivaru Mandepudi
Pedakurapadu,TDP,163,217,KOMMALAPATI SRIDHAR,2009,AMARAVATHI,MANDEPUDI,Nemalikallu Sivaru Mandepudi
Pedakurapadu,INC,296,217,Pathan Noorjahan Begum,2009,AMARAVATHI,MANDEPUDI,Nemalikallu Sivaru Mandepudi
Pedakurapadu,PRP,36,217,Basu Linga Reddy,2009,AMARAVATHI,MANDEPUDI,Nemalikallu Sivaru Mandepudi
